USE master
GO

DROP DATABASE QUANLYBAIDOXE
GO

CREATE DATABASE QUANLYBAIDOXE	
GO
USE QUANLYBAIDOXE
GO
---------------NHAN VIEN--------------
CREATE TABLE NHANVIEN(
	MANHANVIEN VARCHAR(20) PRIMARY KEY,
	TENNHANVIEN NVARCHAR(100), 
	GIOITINH  NVARCHAR(20),
	DIENTHOAI CHAR(20) ,
	NGAYSINH DATE,
	DIACHI NVARCHAR(100),
	TENTAIKHOAN VARCHAR(50),
	MATKHAU VARCHAR(50) ,
	LOAITAIKHOAN INT
	)
GO
--------------RA VAO BEN----------------

CREATE TABLE RAVAOBEN(
	MAVE VARCHAR(20) ,
	TENVITRI VARCHAR(20),
	TENKHUVUC VARCHAR(20),
	BIENSOXE VARCHAR(20),
	THOIGIANVAO DATE,
	THOIGIANRA DATE,
	TRANGTHAI NVARCHAR(20)
)
GO

-------------------VI TRI-------------------

CREATE TABLE VITRI(
	TENVITRI VARCHAR(20)  PRIMARY KEY,
	TRANGTHAI NVARCHAR(20),
	TENKHUVUC VARCHAR(20),
)
GO

-------------------KHU VỰC--------------

CREATE TABLE KHUVUC(
	TENKHUVUC VARCHAR(20) PRIMARY KEY ,
	TRANGTHAI NVARCHAR(20)
)
GO

-------------------VE--------------------

CREATE TABLE VE(
	MAVE VARCHAR(20) PRIMARY KEY,
	BIENSOXE VARCHAR(20),
	NGAYBATDAU DATETIME DEFAULT GETDATE(),
	NGAYKETTHUC AS NGAYBATDAU+30,
	TINHTRANGVE NVARCHAR(20)
)
GO 


CREATE TABLE HONGHOC(
	MAHONGHOC VARCHAR(20) PRIMARY KEY,
	TENKHACHHANG NVARCHAR(100),
	DIENTHOAI CHAR(20),
	BIENSOXE VARCHAR(20),
	TINHTRANGXE NVARCHAR(100),
	NGAYBAOHONG DATE
)

CREATE TABLE HOADON(
	MAHOADON VARCHAR(20)  PRIMARY KEY,
	MAVE VARCHAR(20),
	TENVITRI VARCHAR(20),
	TENKHUVUC VARCHAR(20),
	TENNHANVIEN NVARCHAR(100),
	SONGAYGUI INT,
	BIENSOXE VARCHAR(20),
	THANHTIEN INT,
	NGAYLAP DATE
)
GO
CREATE TABLE DOANHTHU(
	NGAY DATE PRIMARY KEY,
	SOXEVAO INT,
	SOXERA INT,
	TONGTIEN INT
)

ALTER TABLE dbo.VITRI ADD CONSTRAINT fk_vt_kv
FOREIGN KEY (TENKHUVUC) REFERENCES dbo.KHUVUC(TENKHUVUC)
GO
ALTER TABLE dbo.RAVAOBEN ADD CONSTRAINT fk_rvb_kv
FOREIGN KEY (TENKHUVUC) REFERENCES dbo.KHUVUC(TENKHUVUC)
GO
ALTER TABLE dbo.RAVAOBEN ADD CONSTRAINT fk_rvb_vt
FOREIGN KEY (TENVITRI) REFERENCES dbo.VITRI(TENVITRI)
GO
ALTER TABLE dbo.RAVAOBEN ADD CONSTRAINT fk_rvb_mv
FOREIGN KEY (MAVE) REFERENCES dbo.VE(MAVE)
GO
ALTER TABLE dbo.HOADON ADD CONSTRAINT fk_hd_mv
FOREIGN KEY (MAVE) REFERENCES dbo.VE(MAVE)
GO
ALTER TABLE dbo.HOADON ADD CONSTRAINT fk_hd_kv
FOREIGN KEY (TENKHUVUC) REFERENCES dbo.KHUVUC(TENKHUVUC)
GO
ALTER TABLE dbo.HOADON ADD CONSTRAINT fk_hd_vt
FOREIGN KEY (TENVITRI) REFERENCES dbo.VITRI(TENVITRI)
GO
INSERT INTO dbo.NHANVIEN VALUES('NV01',N'TRẦN ĐỨC ĐẠT',N'NAM','0904717823','2001-06-20',N'HÀ TĨNH','dat','12',1)
INSERT INTO dbo.NHANVIEN VALUES('NV02',N'NGUYỄN TOÀN',N'NAM','0391231359','2001-09-10',N'HÀ NỘI','toan','12',2)
INSERT INTO dbo.NHANVIEN VALUES('NV03',N'NGUYỄN ADMIN',N'NỮ','0312231359','2001-01-10',N'HÀ NỘI','admin','12',3)
GO
INSERT INTO dbo.KHUVUC VALUES('KV-A',N'CÒN CHỖ')
INSERT INTO dbo.KHUVUC VALUES('KV-B',N'CÒN CHỖ')
INSERT INTO dbo.KHUVUC VALUES('KV-C',N'CÒN CHỖ')
INSERT INTO dbo.KHUVUC VALUES('KV-D',N'CÒN CHỖ')
INSERT INTO dbo.KHUVUC VALUES('KV-E',N'CÒN CHỖ')
GO
INSERT INTO dbo.VITRI VALUES('VT-A1',N'TRỐNG','KV-A')
INSERT INTO dbo.VITRI VALUES('VT-A2',N'TRỐNG','KV-A')
INSERT INTO dbo.VITRI VALUES('VT-A3',N'TRỐNG','KV-A')
INSERT INTO dbo.VITRI VALUES('VT-A4',N'TRỐNG','KV-A')
INSERT INTO dbo.VITRI VALUES('VT-A5',N'TRỐNG','KV-A')
INSERT INTO dbo.VITRI VALUES('VT-A6',N'TRỐNG','KV-A')
INSERT INTO dbo.VITRI VALUES('VT-A7',N'TRỐNG','KV-A')
INSERT INTO dbo.VITRI VALUES('VT-A8',N'TRỐNG','KV-A')
INSERT INTO dbo.VITRI VALUES('VT-A9',N'TRỐNG','KV-A')
INSERT INTO dbo.VITRI VALUES('VT-A10',N'TRỐNG','KV-A')

INSERT INTO dbo.VITRI VALUES('VT-A11',N'TRỐNG','KV-A')
INSERT INTO dbo.VITRI VALUES('VT-A12',N'TRỐNG','KV-A')
INSERT INTO dbo.VITRI VALUES('VT-A13',N'TRỐNG','KV-A')
INSERT INTO dbo.VITRI VALUES('VT-A14',N'TRỐNG','KV-A')
INSERT INTO dbo.VITRI VALUES('VT-A15',N'TRỐNG','KV-A')
INSERT INTO dbo.VITRI VALUES('VT-A16',N'TRỐNG','KV-A')
INSERT INTO dbo.VITRI VALUES('VT-A17',N'TRỐNG','KV-A')
INSERT INTO dbo.VITRI VALUES('VT-A18',N'TRỐNG','KV-A')
INSERT INTO dbo.VITRI VALUES('VT-A19',N'TRỐNG','KV-A')
INSERT INTO dbo.VITRI VALUES('VT-A20',N'TRỐNG','KV-A')
---KV-B---
INSERT INTO dbo.VITRI VALUES('VT-B1',N'TRỐNG','KV-B')
INSERT INTO dbo.VITRI VALUES('VT-B2',N'TRỐNG','KV-B')
INSERT INTO dbo.VITRI VALUES('VT-B3',N'TRỐNG','KV-B')
INSERT INTO dbo.VITRI VALUES('VT-B4',N'TRỐNG','KV-B')
INSERT INTO dbo.VITRI VALUES('VT-B5',N'TRỐNG','KV-B')
INSERT INTO dbo.VITRI VALUES('VT-B6',N'TRỐNG','KV-B')
INSERT INTO dbo.VITRI VALUES('VT-B7',N'TRỐNG','KV-B')
INSERT INTO dbo.VITRI VALUES('VT-B8',N'TRỐNG','KV-B')
INSERT INTO dbo.VITRI VALUES('VT-B9',N'TRỐNG','KV-B')
INSERT INTO dbo.VITRI VALUES('VT-B10',N'TRỐNG','KV-B')

INSERT INTO dbo.VITRI VALUES('VT-B11',N'TRỐNG','KV-B')
INSERT INTO dbo.VITRI VALUES('VT-B12',N'TRỐNG','KV-B')
INSERT INTO dbo.VITRI VALUES('VT-B13',N'TRỐNG','KV-B')
INSERT INTO dbo.VITRI VALUES('VT-B14',N'TRỐNG','KV-B')
INSERT INTO dbo.VITRI VALUES('VT-B15',N'TRỐNG','KV-B')
INSERT INTO dbo.VITRI VALUES('VT-B16',N'TRỐNG','KV-B')
INSERT INTO dbo.VITRI VALUES('VT-B17',N'TRỐNG','KV-B')
INSERT INTO dbo.VITRI VALUES('VT-B18',N'TRỐNG','KV-B')
INSERT INTO dbo.VITRI VALUES('VT-B19',N'TRỐNG','KV-B')
INSERT INTO dbo.VITRI VALUES('VT-B20',N'TRỐNG','KV-B')
--KV-C
INSERT INTO dbo.VITRI VALUES('VT-C1',N'TRỐNG','KV-C')
INSERT INTO dbo.VITRI VALUES('VT-C2',N'TRỐNG','KV-C')
INSERT INTO dbo.VITRI VALUES('VT-C3',N'TRỐNG','KV-C')
INSERT INTO dbo.VITRI VALUES('VT-C4',N'TRỐNG','KV-C')
INSERT INTO dbo.VITRI VALUES('VT-C5',N'TRỐNG','KV-C')
INSERT INTO dbo.VITRI VALUES('VT-C6',N'TRỐNG','KV-C')
INSERT INTO dbo.VITRI VALUES('VT-C7',N'TRỐNG','KV-C')
INSERT INTO dbo.VITRI VALUES('VT-C8',N'TRỐNG','KV-C')
INSERT INTO dbo.VITRI VALUES('VT-C9',N'TRỐNG','KV-C')
INSERT INTO dbo.VITRI VALUES('VT-C10',N'TRỐNG','KV-C')

INSERT INTO dbo.VITRI VALUES('VT-C11',N'TRỐNG','KV-C')
INSERT INTO dbo.VITRI VALUES('VT-C12',N'TRỐNG','KV-C')
INSERT INTO dbo.VITRI VALUES('VT-C13',N'TRỐNG','KV-C')
INSERT INTO dbo.VITRI VALUES('VT-C14',N'TRỐNG','KV-C')
INSERT INTO dbo.VITRI VALUES('VT-C15',N'TRỐNG','KV-C')
INSERT INTO dbo.VITRI VALUES('VT-C16',N'TRỐNG','KV-C')
INSERT INTO dbo.VITRI VALUES('VT-C17',N'TRỐNG','KV-C')
INSERT INTO dbo.VITRI VALUES('VT-C18',N'TRỐNG','KV-C')
INSERT INTO dbo.VITRI VALUES('VT-C19',N'TRỐNG','KV-C')
INSERT INTO dbo.VITRI VALUES('VT-C20',N'TRỐNG','KV-C')
--KV-D
INSERT INTO dbo.VITRI VALUES('VT-D1',N'TRỐNG','KV-D')
INSERT INTO dbo.VITRI VALUES('VT-D2',N'TRỐNG','KV-D')
INSERT INTO dbo.VITRI VALUES('VT-D3',N'TRỐNG','KV-D')
INSERT INTO dbo.VITRI VALUES('VT-D4',N'TRỐNG','KV-D')
INSERT INTO dbo.VITRI VALUES('VT-D5',N'TRỐNG','KV-D')
INSERT INTO dbo.VITRI VALUES('VT-D6',N'TRỐNG','KV-D')
INSERT INTO dbo.VITRI VALUES('VT-D7',N'TRỐNG','KV-D')
INSERT INTO dbo.VITRI VALUES('VT-D8',N'TRỐNG','KV-D')
INSERT INTO dbo.VITRI VALUES('VT-D9',N'TRỐNG','KV-D')
INSERT INTO dbo.VITRI VALUES('VT-D10',N'TRỐNG','KV-D')

INSERT INTO dbo.VITRI VALUES('VT-D11',N'TRỐNG','KV-D')
INSERT INTO dbo.VITRI VALUES('VT-D12',N'TRỐNG','KV-D')
INSERT INTO dbo.VITRI VALUES('VT-D13',N'TRỐNG','KV-D')
INSERT INTO dbo.VITRI VALUES('VT-D14',N'TRỐNG','KV-D')
INSERT INTO dbo.VITRI VALUES('VT-D15',N'TRỐNG','KV-D')
INSERT INTO dbo.VITRI VALUES('VT-D16',N'TRỐNG','KV-D')
INSERT INTO dbo.VITRI VALUES('VT-D17',N'TRỐNG','KV-D')
INSERT INTO dbo.VITRI VALUES('VT-D18',N'TRỐNG','KV-D')
INSERT INTO dbo.VITRI VALUES('VT-D19',N'TRỐNG','KV-D')
INSERT INTO dbo.VITRI VALUES('VT-D20',N'TRỐNG','KV-D')
--KV-E
INSERT INTO dbo.VITRI VALUES('VT-E1',N'TRỐNG','KV-E')
INSERT INTO dbo.VITRI VALUES('VT-E2',N'TRỐNG','KV-E')
INSERT INTO dbo.VITRI VALUES('VT-E3',N'TRỐNG','KV-E')
INSERT INTO dbo.VITRI VALUES('VT-E4',N'TRỐNG','KV-E')
INSERT INTO dbo.VITRI VALUES('VT-E5',N'TRỐNG','KV-E')
INSERT INTO dbo.VITRI VALUES('VT-E6',N'TRỐNG','KV-E')
INSERT INTO dbo.VITRI VALUES('VT-E7',N'TRỐNG','KV-E')
INSERT INTO dbo.VITRI VALUES('VT-E8',N'TRỐNG','KV-E')
INSERT INTO dbo.VITRI VALUES('VT-E9',N'TRỐNG','KV-E')
INSERT INTO dbo.VITRI VALUES('VT-E10',N'TRỐNG','KV-E')

INSERT INTO dbo.VITRI VALUES('VT-E11',N'TRỐNG','KV-E')
INSERT INTO dbo.VITRI VALUES('VT-E12',N'TRỐNG','KV-E')
INSERT INTO dbo.VITRI VALUES('VT-E13',N'TRỐNG','KV-E')
INSERT INTO dbo.VITRI VALUES('VT-E14',N'TRỐNG','KV-E')
INSERT INTO dbo.VITRI VALUES('VT-E15',N'TRỐNG','KV-E')
INSERT INTO dbo.VITRI VALUES('VT-E16',N'TRỐNG','KV-E')
INSERT INTO dbo.VITRI VALUES('VT-E17',N'TRỐNG','KV-E')
INSERT INTO dbo.VITRI VALUES('VT-E18',N'TRỐNG','KV-E')
INSERT INTO dbo.VITRI VALUES('VT-E19',N'TRỐNG','KV-E')
INSERT INTO dbo.VITRI VALUES('VT-E20',N'TRỐNG','KV-E')
GO
INSERT INTO dbo.VE VALUES('0001','29C444',GETDATE(),N'CHƯA SỬ DỤNG')
INSERT INTO dbo.VE VALUES('0002','38N1124','2022-06-21',N'CHƯA SỬ DỤNG')
INSERT INTO dbo.VE VALUES('0003',NULL,NULL,N'CHƯA SỬ DỤNG')
INSERT INTO dbo.VE VALUES('0004','34N123','2022-06-20',N'CHƯA SỬ DỤNG')
INSERT INTO dbo.VE VALUES('0005',NULL,NULL,N'CHƯA SỬ DỤNG')
INSERT INTO dbo.VE VALUES('0006',NULL,NULL,N'CHƯA SỬ DỤNG')
INSERT INTO dbo.VE VALUES('0007',NULL,NULL,N'CHƯA SỬ DỤNG')
INSERT INTO dbo.VE VALUES('0008',NULL,NULL,N'CHƯA SỬ DỤNG')
INSERT INTO dbo.VE VALUES('0009',NULL,NULL,N'CHƯA SỬ DỤNG')
INSERT INTO dbo.VE VALUES('0010',NULL,NULL,N'CHƯA SỬ DỤNG')
INSERT INTO dbo.VE VALUES('0011',NULL,NULL,N'CHƯA SỬ DỤNG')
INSERT INTO dbo.VE VALUES('0012',NULL,NULL,N'CHƯA SỬ DỤNG')
INSERT INTO dbo.VE VALUES('0013',NULL,NULL,N'CHƯA SỬ DỤNG')
INSERT INTO dbo.VE VALUES('0014',NULL,NULL,N'CHƯA SỬ DỤNG')
INSERT INTO dbo.VE VALUES('0015',NULL,NULL,N'CHƯA SỬ DỤNG')
INSERT INTO dbo.VE VALUES('0016',NULL,NULL,N'CHƯA SỬ DỤNG')
INSERT INTO dbo.VE VALUES('0017',NULL,NULL,N'CHƯA SỬ DỤNG')
INSERT INTO dbo.VE VALUES('0018',NULL,NULL,N'CHƯA SỬ DỤNG')
INSERT INTO dbo.VE VALUES('0019',NULL,NULL,N'CHƯA SỬ DỤNG')
INSERT INTO dbo.VE VALUES('0020',NULL,NULL,N'CHƯA SỬ DỤNG')
INSERT INTO dbo.VE VALUES('0021',NULL,NULL,N'CHƯA SỬ DỤNG')
INSERT INTO dbo.VE VALUES('0022',NULL,NULL,N'CHƯA SỬ DỤNG')
INSERT INTO dbo.VE VALUES('0023',NULL,NULL,N'CHƯA SỬ DỤNG')
INSERT INTO dbo.VE VALUES('0024',NULL,NULL,N'CHƯA SỬ DỤNG')
INSERT INTO dbo.VE VALUES('0025',NULL,NULL,N'CHƯA SỬ DỤNG')
INSERT INTO dbo.VE VALUES('0026',NULL,NULL,N'CHƯA SỬ DỤNG')
INSERT INTO dbo.VE VALUES('0027',NULL,NULL,N'CHƯA SỬ DỤNG')
INSERT INTO dbo.VE VALUES('0028',NULL,NULL,N'CHƯA SỬ DỤNG')
INSERT INTO dbo.VE VALUES('0029',NULL,NULL,N'CHƯA SỬ DỤNG')
INSERT INTO dbo.VE VALUES('0030',NULL,NULL,N'CHƯA SỬ DỤNG')
INSERT INTO dbo.VE VALUES('0031',NULL,NULL,N'CHƯA SỬ DỤNG')
INSERT INTO dbo.VE VALUES('0032',NULL,NULL,N'CHƯA SỬ DỤNG')
INSERT INTO dbo.VE VALUES('0033',NULL,NULL,N'CHƯA SỬ DỤNG')
INSERT INTO dbo.VE VALUES('0034',NULL,NULL,N'CHƯA SỬ DỤNG')
INSERT INTO dbo.VE VALUES('0035',NULL,NULL,N'CHƯA SỬ DỤNG')
INSERT INTO dbo.VE VALUES('0036',NULL,NULL,N'CHƯA SỬ DỤNG')
INSERT INTO dbo.VE VALUES('0037',NULL,NULL,N'CHƯA SỬ DỤNG')
INSERT INTO dbo.VE VALUES('0038',NULL,NULL,N'CHƯA SỬ DỤNG')
INSERT INTO dbo.VE VALUES('0039',NULL,NULL,N'CHƯA SỬ DỤNG')
INSERT INTO dbo.VE VALUES('0040',NULL,NULL,N'CHƯA SỬ DỤNG')
INSERT INTO dbo.VE VALUES('0041',NULL,NULL,N'CHƯA SỬ DỤNG')
INSERT INTO dbo.VE VALUES('0042',NULL,NULL,N'CHƯA SỬ DỤNG')
INSERT INTO dbo.VE VALUES('0043',NULL,NULL,N'CHƯA SỬ DỤNG')
INSERT INTO dbo.VE VALUES('0044',NULL,NULL,N'CHƯA SỬ DỤNG')
INSERT INTO dbo.VE VALUES('0045',NULL,NULL,N'CHƯA SỬ DỤNG')
INSERT INTO dbo.VE VALUES('0046',NULL,NULL,N'CHƯA SỬ DỤNG')
INSERT INTO dbo.VE VALUES('0047',NULL,NULL,N'CHƯA SỬ DỤNG')
INSERT INTO dbo.VE VALUES('0048',NULL,NULL,N'CHƯA SỬ DỤNG')
INSERT INTO dbo.VE VALUES('0049',NULL,NULL,N'CHƯA SỬ DỤNG')
INSERT INTO dbo.VE VALUES('0050',NULL,NULL,N'CHƯA SỬ DỤNG')
INSERT INTO dbo.VE VALUES('0051',NULL,NULL,N'CHƯA SỬ DỤNG')
INSERT INTO dbo.VE VALUES('0052',NULL,NULL,N'CHƯA SỬ DỤNG')
INSERT INTO dbo.VE VALUES('0053',NULL,NULL,N'CHƯA SỬ DỤNG')
INSERT INTO dbo.VE VALUES('0054',NULL,NULL,N'CHƯA SỬ DỤNG')
INSERT INTO dbo.VE VALUES('0055',NULL,NULL,N'CHƯA SỬ DỤNG')
INSERT INTO dbo.VE VALUES('0056',NULL,NULL,N'CHƯA SỬ DỤNG')
INSERT INTO dbo.VE VALUES('0057',NULL,NULL,N'CHƯA SỬ DỤNG')
INSERT INTO dbo.VE VALUES('0058',NULL,NULL,N'CHƯA SỬ DỤNG')
INSERT INTO dbo.VE VALUES('0059',NULL,NULL,N'CHƯA SỬ DỤNG')
INSERT INTO dbo.VE VALUES('0060',NULL,NULL,N'CHƯA SỬ DỤNG')
INSERT INTO dbo.VE VALUES('0061',NULL,NULL,N'CHƯA SỬ DỤNG')
INSERT INTO dbo.VE VALUES('0062',NULL,NULL,N'CHƯA SỬ DỤNG')
INSERT INTO dbo.VE VALUES('0063',NULL,NULL,N'CHƯA SỬ DỤNG')
INSERT INTO dbo.VE VALUES('0064',NULL,NULL,N'CHƯA SỬ DỤNG')
INSERT INTO dbo.VE VALUES('0065',NULL,NULL,N'CHƯA SỬ DỤNG')
INSERT INTO dbo.VE VALUES('0066',NULL,NULL,N'CHƯA SỬ DỤNG')
INSERT INTO dbo.VE VALUES('0067',NULL,NULL,N'CHƯA SỬ DỤNG')
INSERT INTO dbo.VE VALUES('0068',NULL,NULL,N'CHƯA SỬ DỤNG')
INSERT INTO dbo.VE VALUES('0069',NULL,NULL,N'CHƯA SỬ DỤNG')
INSERT INTO dbo.VE VALUES('0070',NULL,NULL,N'CHƯA SỬ DỤNG')
INSERT INTO dbo.VE VALUES('0071',NULL,NULL,N'CHƯA SỬ DỤNG')
INSERT INTO dbo.VE VALUES('0072',NULL,NULL,N'CHƯA SỬ DỤNG')
INSERT INTO dbo.VE VALUES('0073',NULL,NULL,N'CHƯA SỬ DỤNG')
INSERT INTO dbo.VE VALUES('0074',NULL,NULL,N'CHƯA SỬ DỤNG')
INSERT INTO dbo.VE VALUES('0075',NULL,NULL,N'CHƯA SỬ DỤNG')
INSERT INTO dbo.VE VALUES('0076',NULL,NULL,N'CHƯA SỬ DỤNG')
INSERT INTO dbo.VE VALUES('0077',NULL,NULL,N'CHƯA SỬ DỤNG')
INSERT INTO dbo.VE VALUES('0078',NULL,NULL,N'CHƯA SỬ DỤNG')
INSERT INTO dbo.VE VALUES('0079',NULL,NULL,N'CHƯA SỬ DỤNG')
INSERT INTO dbo.VE VALUES('0080',NULL,NULL,N'CHƯA SỬ DỤNG')
INSERT INTO dbo.VE VALUES('0081',NULL,NULL,N'CHƯA SỬ DỤNG')
INSERT INTO dbo.VE VALUES('0082',NULL,NULL,N'CHƯA SỬ DỤNG')
INSERT INTO dbo.VE VALUES('0083',NULL,NULL,N'CHƯA SỬ DỤNG')
INSERT INTO dbo.VE VALUES('0084',NULL,NULL,N'CHƯA SỬ DỤNG')
INSERT INTO dbo.VE VALUES('0085',NULL,NULL,N'CHƯA SỬ DỤNG')
INSERT INTO dbo.VE VALUES('0086',NULL,NULL,N'CHƯA SỬ DỤNG')
INSERT INTO dbo.VE VALUES('0087',NULL,NULL,N'CHƯA SỬ DỤNG')
INSERT INTO dbo.VE VALUES('0088',NULL,NULL,N'CHƯA SỬ DỤNG')
INSERT INTO dbo.VE VALUES('0089',NULL,NULL,N'CHƯA SỬ DỤNG')
INSERT INTO dbo.VE VALUES('0090',NULL,NULL,N'CHƯA SỬ DỤNG')
INSERT INTO dbo.VE VALUES('0091',NULL,NULL,N'CHƯA SỬ DỤNG')
INSERT INTO dbo.VE VALUES('0092',NULL,NULL,N'CHƯA SỬ DỤNG')
INSERT INTO dbo.VE VALUES('0093',NULL,NULL,N'CHƯA SỬ DỤNG')
INSERT INTO dbo.VE VALUES('0094',NULL,NULL,N'CHƯA SỬ DỤNG')
INSERT INTO dbo.VE VALUES('0095',NULL,NULL,N'CHƯA SỬ DỤNG')
INSERT INTO dbo.VE VALUES('0096',NULL,NULL,N'CHƯA SỬ DỤNG')
INSERT INTO dbo.VE VALUES('0097',NULL,NULL,N'CHƯA SỬ DỤNG')
INSERT INTO dbo.VE VALUES('0098',NULL,NULL,N'CHƯA SỬ DỤNG')
INSERT INTO dbo.VE VALUES('0099',NULL,NULL,N'CHƯA SỬ DỤNG')
INSERT INTO dbo.VE VALUES('0100',NULL,NULL,N'CHƯA SỬ DỤNG')
GO